Model,R-squared,MAE,MAPE,RMSE
XGBoost Regressor_best_model,0.9598653225245348,0.10116087609063243,0.0021277566954941594,0.6290850676319623
