Model,R-squared,MAE,MAPE,RMSE
XGBoost Regressor_best_model,0.9685345313488245,0.0739741254810551,0.001526936641103156,0.5570146148264244
