Model,R-squared,MAE,MAPE,RMSE
XGBoost Regressor_best_model,0.981685735356639,1.4729710968447403,0.006717689211819535,2.805876037099701
