Model,R-squared,MAE,MAPE,RMSE
XGBoost Regressor,0.8763064315001485,0.0017087683805326974,9.963236516393183e-05,0.1662112814359587
