Model,R-squared,MAE,MAPE,RMSE
XGBoost Regressor,0.9993724675556194,0.01881285116706096,0.00045812074652943957,0.09742579800885488
